{
    "batch_size": 32,
    "lr": 0.0000005,
    "n_epochs": 10,
    "warmup": 0.0000005
}
